"ds","y"
"2009-01-05",8.73
"2009-01-06",9.21
"2009-01-07",9
"2009-01-08",8.8
"2009-01-09",9.07
"2009-01-12",9
"2009-01-13",8.64
"2009-01-14",8.06
"2009-01-15",8.57
"2009-01-16",8.22
"2009-01-19",8.25
"2009-01-20",7.68
"2009-01-21",7.85
"2009-01-22",7.74
"2009-01-23",7.6
"2009-01-26",8.06
"2009-01-27",8.2
"2009-01-28",8.4
"2009-01-29",8.08
"2009-01-30",8.11
"2009-02-02",7.86
"2009-02-03",8.1
"2009-02-04",7.97
"2009-02-05",8.22
"2009-02-06",8.33
"2009-02-09",8.17
"2009-02-10",8.08
"2009-02-11",8.18
"2009-02-12",7.97
"2009-02-13",8.13
"2009-02-16",8.08
"2009-02-17",7.8
"2009-02-18",7.72
"2009-02-19",7.88
"2009-02-20",7.97
"2009-02-25",8.12
"2009-02-26",8.18
"2009-02-27",8.09
"2009-03-02",7.65
"2009-03-03",7.76
"2009-03-04",8.09
"2009-03-05",7.78
"2009-03-06",7.93
"2009-03-09",7.86
"2009-03-10",8.2
"2009-03-11",8.25
"2009-03-12",8.35
"2009-03-13",8.52
"2009-03-16",8.5
"2009-03-17",8.75
"2009-03-18",9.06
"2009-03-19",9.23
"2009-03-20",9.06
"2009-03-23",9.7
"2009-03-24",9.44
"2009-03-25",9.45
"2009-03-26",9.76
"2009-03-27",10.04
"2009-03-30",9.86
"2009-03-31",9.96
"2009-04-01",10.49
"2009-04-02",10.77
"2009-04-03",11.28
"2009-04-06",11.22
"2009-04-07",11.16
"2009-04-08",10.25
"2009-04-09",9.96
"2009-04-13",9.98
"2009-04-14",10.12
"2009-04-15",10.34
"2009-04-16",10.84
"2009-04-17",10.87
"2009-04-20",10.63
"2009-04-22",10.51
"2009-04-23",11
"2009-04-24",10.99
"2009-04-27",10.7
"2009-04-28",10.84
"2009-04-29",11.28
"2009-04-30",10.9
"2009-05-04",11.42
"2009-05-05",11.55
"2009-05-06",12.44
"2009-05-07",11.81
"2009-05-08",12.01
"2009-05-11",12.03
"2009-05-12",11.75
"2009-05-13",11.43
"2009-05-14",11.93
"2009-05-15",11.71
"2009-05-18",12.32
"2009-05-19",12.49
"2009-05-20",12.25
"2009-05-21",12.08
"2009-05-22",11.99
"2009-05-25",11.99
"2009-05-26",12.48
"2009-05-27",12.46
"2009-05-28",12.79
"2009-05-29",12.56
"2009-06-01",12.8
"2009-06-02",13.11
"2009-06-03",12.69
"2009-06-04",13.26
"2009-06-05",12.94
"2009-06-08",13.17
"2009-06-09",12.97
"2009-06-10",13.08
"2009-06-12",13.11
"2009-06-15",12.7
"2009-06-16",12.46
"2009-06-17",12.43
"2009-06-18",12.16
"2009-06-19",12.46
"2009-06-22",12.12
"2009-06-23",12.13
"2009-06-24",12
"2009-06-25",12.75
"2009-06-26",12.69
"2009-06-29",12.76
"2009-06-30",12.68
"2009-07-01",12.78
"2009-07-02",13.05
"2009-07-03",13.05
"2009-07-06",13.11
"2009-07-07",12.98
"2009-07-08",12.57
"2009-07-10",12.33
"2009-07-13",12.33
"2009-07-14",12.33
"2009-07-15",12.89
"2009-07-16",12.89
"2009-07-17",12.93
"2009-07-20",13.14
"2009-07-21",13.3
"2009-07-22",13.25
"2009-07-23",13.59
"2009-07-24",13.89
"2009-07-27",13.95
"2009-07-28",14.1
"2009-07-29",13.86
"2009-07-30",14.23
"2009-07-31",14.15
"2009-08-03",14.42
"2009-08-04",14.71
"2009-08-05",15.2
"2009-08-06",14.61
"2009-08-07",14.67
"2009-08-10",14.73
"2009-08-11",14.79
"2009-08-12",14.87
"2009-08-13",15.22
"2009-08-14",15.15
"2009-08-17",14.71
"2009-08-18",15.05
"2009-08-19",15.26
"2009-08-20",15.47
"2009-08-21",15.47
"2009-08-24",15.48
"2009-08-25",15.64
"2009-08-26",15.87
"2009-08-27",15.99
"2009-08-28",16.06
"2009-08-31",15.78
"2009-09-01",15.54
"2009-09-02",15.39
"2009-09-03",15.55
"2009-09-04",16.02
"2009-09-08",16.28
"2009-09-09",16.56
"2009-09-10",16.71
"2009-09-11",16.63
"2009-09-14",17.01
"2009-09-15",17.4
"2009-09-16",17.65
"2009-09-17",17.86
"2009-09-18",17.99
"2009-09-21",17.8
"2009-09-22",18.15
"2009-09-23",17.77
"2009-09-24",17.67
"2009-09-25",17.93
"2009-09-28",18.22
"2009-09-29",18.56
"2009-09-30",18.96
"2009-10-01",18.61
"2009-10-02",18.41
"2009-10-05",18.73
"2009-10-06",18.49
"2009-10-07",18.03
"2009-10-08",18.37
"2009-10-09",18.75
"2009-10-13",19.07
"2009-10-14",19.67
"2009-10-15",19.46
"2009-10-16",18.97
"2009-10-19",19.06
"2009-10-20",18.48
"2009-10-21",18.49
"2009-10-22",18.85
"2009-10-23",18.46
"2009-10-26",18.26
"2009-10-27",17.67
"2009-10-28",16.46
"2009-10-29",17.7
"2009-10-30",17.13
"2009-11-03",17.66
"2009-11-04",18.19
"2009-11-05",18.19
"2009-11-06",18
"2009-11-09",18.76
"2009-11-10",18.97
"2009-11-11",18.9
"2009-11-12",18.87
"2009-11-13",19.51
"2009-11-16",19.45
"2009-11-17",19.45
"2009-11-18",18.84
"2009-11-19",18.69
"2009-11-23",18.83
"2009-11-24",18.78
"2009-11-25",18.8
"2009-11-26",18.41
"2009-11-27",18.77
"2009-11-30",18.84
"2009-12-01",18.74
"2009-12-02",18.54
"2009-12-03",18.6
"2009-12-04",18.48
"2009-12-07",18.96
"2009-12-08",18.84
"2009-12-09",18.7
"2009-12-10",18.71
"2009-12-11",18.77
"2009-12-14",18.9
"2009-12-15",18.9
"2009-12-16",18.69
"2009-12-17",17.96
"2009-12-18",18.05
"2009-12-21",17.8
"2009-12-22",17.77
"2009-12-23",17.81
"2009-12-28",17.81
"2009-12-29",17.77
"2009-12-30",18.23
"2010-01-04",18.35
"2010-01-05",18.17
"2010-01-06",18.19
"2010-01-07",18.2
"2010-01-08",18.3
"2010-01-11",18.44
"2010-01-12",18.29
"2010-01-13",18.52
"2010-01-14",18.26
"2010-01-15",17.95
"2010-01-18",17.96
"2010-01-19",18.26
"2010-01-20",17.71
"2010-01-21",17.43
"2010-01-22",17.52
"2010-01-26",17.04
"2010-01-27",16.91
"2010-01-28",16.94
"2010-01-29",17.25
"2010-02-01",18.41
"2010-02-02",18.78
"2010-02-03",18.32
"2010-02-04",17.98
"2010-02-05",17.12
"2010-02-08",17.34
"2010-02-09",18.2
"2010-02-10",18.66
"2010-02-11",19.04
"2010-02-12",18.72
"2010-02-17",18.65
"2010-02-18",18.81
"2010-02-19",18.85
"2010-02-22",18.78
"2010-02-23",18.52
"2010-02-24",18.69
"2010-02-25",18.41
"2010-02-26",18.56
"2010-03-01",18.71
"2010-03-02",18.47
"2010-03-03",18.34
"2010-03-04",18.33
"2010-03-05",18.58
"2010-03-08",18.32
"2010-03-09",18.64
"2010-03-10",18.83
"2010-03-11",18.81
"2010-03-12",18.64
"2010-03-15",18.71
"2010-03-16",18.86
"2010-03-17",18.76
"2010-03-18",18.61
"2010-03-19",18.39
"2010-03-22",18.47
"2010-03-23",18.39
"2010-03-24",18.39
"2010-03-25",18.46
"2010-03-26",18.56
"2010-03-29",18.68
"2010-03-30",18.66
"2010-03-31",18.74
"2010-04-01",18.71
"2010-04-05",18.84
"2010-04-06",18.86
"2010-04-07",18.83
"2010-04-08",19.32
"2010-04-09",19.47
"2010-04-12",19.53
"2010-04-13",19.37
"2010-04-14",19.18
"2010-04-15",19.4
"2010-04-16",19.15
"2010-04-19",18.93
"2010-04-20",18.8
"2010-04-22",18.63
"2010-04-23",18.74
"2010-04-26",18.73
"2010-04-27",18.12
"2010-04-28",18.49
"2010-04-29",18.84
"2010-04-30",18.83
"2010-05-03",18.53
"2010-05-04",17.62
"2010-05-05",17.73
"2010-05-06",17.46
"2010-05-07",17.34
"2010-05-10",17.9
"2010-05-11",17.52
"2010-05-12",17.5
"2010-05-13",17.28
"2010-05-14",16.74
"2010-05-17",17.08
"2010-05-18",16.89
"2010-05-19",16.3
"2010-05-20",15.89
"2010-05-21",16.44
"2010-05-24",16.3
"2010-05-25",16.27
"2010-05-26",16.45
"2010-05-27",16.86
"2010-05-28",16.51
"2010-05-31",16.56
"2010-06-01",16.37
"2010-06-02",17.03
"2010-06-04",17.11
"2010-06-07",16.83
"2010-06-08",16.93
"2010-06-09",16.74
"2010-06-10",17.06
"2010-06-11",17.15
"2010-06-14",17.53
"2010-06-15",17.35
"2010-06-16",17.46
"2010-06-17",17.37
"2010-06-18",17.35
"2010-06-21",17.97
"2010-06-22",18.01
"2010-06-23",17.67
"2010-06-24",17.45
"2010-06-25",17.28
"2010-06-28",16.96
"2010-06-29",16.26
"2010-06-30",15.72
"2010-07-01",16.68
"2010-07-02",16.9
"2010-07-05",16.77
"2010-07-06",17.18
"2010-07-07",17.69
"2010-07-08",17.65
"2010-07-12",17.72
"2010-07-13",18.13
"2010-07-14",18.04
"2010-07-15",18.32
"2010-07-16",17.79
"2010-07-19",17.98
"2010-07-20",17.92
"2010-07-21",18.02
"2010-07-22",18.54
"2010-07-23",18.8
"2010-07-26",18.52
"2010-07-27",18.3
"2010-07-28",19.06
"2010-07-29",19.06
"2010-07-30",19.47
"2010-08-02",19.42
"2010-08-03",18.87
"2010-08-04",18.68
"2010-08-05",19.13
"2010-08-06",19.34
"2010-08-09",19.57
"2010-08-10",19.32
"2010-08-11",18.94
"2010-08-12",19.35
"2010-08-13",19.41
"2010-08-16",19.32
"2010-08-17",19.22
"2010-08-18",19.08
"2010-08-19",18.75
"2010-08-20",19.03
"2010-08-23",18.88
"2010-08-24",18.62
"2010-08-25",18.62
"2010-08-26",18.11
"2010-08-27",18.14
"2010-08-30",17.78
"2010-08-31",18.29
"2010-09-01",18.91
"2010-09-02",18.59
"2010-09-03",18.29
"2010-09-06",18.13
"2010-09-08",18.15
"2010-09-09",18.15
"2010-09-10",17.98
"2010-09-13",18.62
"2010-09-14",18.85
"2010-09-15",19.01
"2010-09-16",18.94
"2010-09-17",18.72
"2010-09-20",19.13
"2010-09-21",19.26
"2010-09-22",19.52
"2010-09-23",20.03
"2010-09-24",19.61
"2010-09-27",20
"2010-09-28",20.06
"2010-09-29",20.44
"2010-09-30",20.79
"2010-10-01",21.18
"2010-10-04",21.29
"2010-10-05",21.47
"2010-10-06",21.39
"2010-10-07",21.1
"2010-10-08",21.52
"2010-10-11",21.62
"2010-10-13",22.55
"2010-10-14",22.22
"2010-10-15",22.52
"2010-10-18",22.33
"2010-10-19",21.95
"2010-10-20",22.26
"2010-10-21",21.69
"2010-10-22",21.73
"2010-10-25",21.84
"2010-10-26",22.07
"2010-10-27",21.91
"2010-10-28",21.58
"2010-10-29",21.42
"2010-11-01",21.8
"2010-11-03",22.07
"2010-11-04",22.64
"2010-11-05",22.54
"2010-11-08",22.44
"2010-11-09",21.9
"2010-11-10",21.88
"2010-11-11",21.82
"2010-11-12",21.91
"2010-11-16",21.94
"2010-11-17",21.87
"2010-11-18",22.16
"2010-11-19",22.2
"2010-11-22",21.87
"2010-11-23",20.98
"2010-11-24",21.26
"2010-11-25",21.38
"2010-11-26",21.39
"2010-11-29",21.56
"2010-11-30",21.38
"2010-12-01",21.95
"2010-12-02",21.77
"2010-12-03",21.19
"2010-12-06",20.76
"2010-12-07",20.72
"2010-12-08",20.41
"2010-12-09",20.15
"2010-12-10",20.05
"2010-12-13",20.26
"2010-12-14",20.25
"2010-12-15",20.18
"2010-12-16",19.98
"2010-12-17",19.9
"2010-12-20",19.53
"2010-12-21",19.85
"2010-12-22",20.08
"2010-12-23",20.33
"2010-12-27",20.2
"2010-12-28",20.17
"2010-12-29",20.3
"2010-12-30",20.58
"2011-01-03",20.57
"2011-01-04",20.65
"2011-01-05",20.95
"2011-01-06",20.76
"2011-01-07",20.27
"2011-01-10",20.3
"2011-01-11",20.55
"2011-01-12",20.91
"2011-01-13",20.7
"2011-01-14",20.81
"2011-01-17",20.57
"2011-01-18",20.66
"2011-01-19",20.37
"2011-01-20",20.23
"2011-01-21",20.14
"2011-01-24",20.32
"2011-01-26",20.3
"2011-01-27",20.3
"2011-01-28",19.88
"2011-01-31",19.49
"2011-02-01",19.58
"2011-02-02",19.37
"2011-02-03",19.16
"2011-02-04",18.4
"2011-02-07",18.52
"2011-02-08",18.86
"2011-02-09",18.39
"2011-02-10",18.5
"2011-02-11",19.37
"2011-02-14",19.5
"2011-02-15",19.91
"2011-02-16",20.58
"2011-02-17",20.45
"2011-02-18",20.39
"2011-02-21",20.08
"2011-02-22",19.43
"2011-02-23",19.47
"2011-02-24",19.4
"2011-02-25",19.31
"2011-02-28",19.7
"2011-03-01",19.17
"2011-03-02",19.32
"2011-03-03",19.56
"2011-03-04",19.61
"2011-03-09",19.1
"2011-03-10",18.55
"2011-03-11",18.66
"2011-03-14",18.87
"2011-03-15",19.09
"2011-03-16",18.64
"2011-03-17",18.6
"2011-03-18",18.87
"2011-03-21",18.9
"2011-03-22",19.2
"2011-03-23",19.27
"2011-03-24",19.17
"2011-03-25",19.07
"2011-03-28",18.95
"2011-03-29",18.85
"2011-03-30",19.26
"2011-03-31",19.74
"2011-04-01",20.03
"2011-04-04",19.97
"2011-04-05",19.86
"2011-04-06",19.91
"2011-04-07",19.87
"2011-04-08",19.63
"2011-04-11",19.37
"2011-04-12",18.95
"2011-04-13",19.03
"2011-04-14",18.89
"2011-04-15",18.61
"2011-04-18",18.6
"2011-04-19",18.81
"2011-04-20",19.39
"2011-04-25",19.37
"2011-04-26",19.64
"2011-04-27",19.64
"2011-04-28",19.17
"2011-04-29",19.37
"2011-05-02",19.3
"2011-05-03",18.77
"2011-05-04",18.4
"2011-05-05",18.46
"2011-05-06",18.95
"2011-05-09",19.03
"2011-05-10",19.47
"2011-05-11",19.41
"2011-05-12",19.57
"2011-05-13",18.99
"2011-05-16",18.64
"2011-05-17",18.71
"2011-05-18",18.22
"2011-05-19",18.2
"2011-05-20",18.14
"2011-05-23",18.23
"2011-05-24",18.5
"2011-05-25",18.31
"2011-05-26",18.88
"2011-05-27",19.07
"2011-05-30",19.02
"2011-05-31",18.85
"2011-06-01",18.55
"2011-06-02",18.41
"2011-06-03",18.41
"2011-06-06",18.37
"2011-06-07",18.69
"2011-06-08",18.65
"2011-06-09",18.51
"2011-06-10",18.21
"2011-06-13",18.39
"2011-06-14",18.57
"2011-06-15",18.55
"2011-06-16",18.18
"2011-06-17",18.18
"2011-06-20",18.31
"2011-06-21",18.18
"2011-06-22",18.5
"2011-06-24",18.29
"2011-06-27",18.2
"2011-06-28",18.6
"2011-06-29",18.87
"2011-06-30",19
"2011-07-01",19.08
"2011-07-04",19.29
"2011-07-05",19.2
"2011-07-06",19.03
"2011-07-07",18.52
"2011-07-08",18.01
"2011-07-11",17.51
"2011-07-12",17.54
"2011-07-13",17.95
"2011-07-14",17.63
"2011-07-15",17.49
"2011-07-18",17.02
"2011-07-19",17.4
"2011-07-20",17.76
"2011-07-21",18.2
"2011-07-22",18.37
"2011-07-25",17.97
"2011-07-26",17.6
"2011-07-27",17.19
"2011-07-28",17.47
"2011-07-29",17.84
"2011-08-01",17.93
"2011-08-02",17.34
"2011-08-03",17.13
"2011-08-04",16.28
"2011-08-05",16.28
"2011-08-08",15.35
"2011-08-09",16.45
"2011-08-10",16.15
"2011-08-11",16.47
"2011-08-12",16.56
"2011-08-15",16.8
"2011-08-16",16.96
"2011-08-17",17.55
"2011-08-18",17.1
"2011-08-19",17.17
"2011-08-22",17.09
"2011-08-23",17.55
"2011-08-24",17.61
"2011-08-25",17.52
"2011-08-26",17.41
"2011-08-29",17.8
"2011-08-30",17.93
"2011-08-31",18.29
"2011-09-01",19.4
"2011-09-02",18.91
"2011-09-05",18.26
"2011-09-06",18.56
"2011-09-08",18.97
"2011-09-09",18.21
"2011-09-12",17.86
"2011-09-13",17.79
"2011-09-14",17.82
"2011-09-15",17.93
"2011-09-16",18.21
"2011-09-19",17.91
"2011-09-20",17.59
"2011-09-21",17.18
"2011-09-22",16.72
"2011-09-23",16.55
"2011-09-26",16.73
"2011-09-27",17.09
"2011-09-28",17.03
"2011-09-29",17.23
"2011-09-30",17.2
"2011-10-03",16.57
"2011-10-04",16.31
"2011-10-05",16.34
"2011-10-06",16.41
"2011-10-07",15.92
"2011-10-10",16.73
"2011-10-11",16.17
"2011-10-13",16.3
"2011-10-14",16.4
"2011-10-17",16.23
"2011-10-18",16.62
"2011-10-19",16.68
"2011-10-20",16.48
"2011-10-21",16.82
"2011-10-24",17.22
"2011-10-25",16.77
"2011-10-26",17.07
"2011-10-27",17.93
"2011-10-28",18.07
"2011-10-31",17.93
"2011-11-01",17.86
"2011-11-03",17.47
"2011-11-04",17.52
"2011-11-07",17.64
"2011-11-08",17.59
"2011-11-09",17.11
"2011-11-10",16.93
"2011-11-11",16.94
"2011-11-14",17.52
"2011-11-16",17.55
"2011-11-17",17.16
"2011-11-18",16.88
"2011-11-21",16.84
"2011-11-22",16.56
"2011-11-23",16.15
"2011-11-24",16.2
"2011-11-25",16.12
"2011-11-28",16.43
"2011-11-29",16.15
"2011-11-30",16.84
"2011-12-01",17.55
"2011-12-02",17.32
"2011-12-05",16.82
"2011-12-06",16.99
"2011-12-07",16.56
"2011-12-08",16.48
"2011-12-09",16.84
"2011-12-12",16.38
"2011-12-13",16.43
"2011-12-14",16.22
"2011-12-15",16.04
"2011-12-16",15.8
"2011-12-19",15.65
"2011-12-20",15.95
"2011-12-21",16.3
"2011-12-22",16.78
"2011-12-23",16.86
"2011-12-26",16.83
"2011-12-27",16.94
"2011-12-28",16.53
"2011-12-29",16.69
"2012-01-02",17.11
"2012-01-03",17.03
"2012-01-04",16.95
"2012-01-05",16.77
"2012-01-06",16.35
"2012-01-09",16.48
"2012-01-10",16.83
"2012-01-11",17.08
"2012-01-12",17.23
"2012-01-13",17.4
"2012-01-16",17.4
"2012-01-17",17.52
"2012-01-18",18.14
"2012-01-19",18.17
"2012-01-20",18.38
"2012-01-23",18.38
"2012-01-24",18.31
"2012-01-26",18.72
"2012-01-27",19.05
"2012-01-30",19.28
"2012-01-31",19.15
"2012-02-01",19.36
"2012-02-02",19.3
"2012-02-03",19.23
"2012-02-06",19.12
"2012-02-07",19.19
"2012-02-08",19.3
"2012-02-09",18.87
"2012-02-10",18.37
"2012-02-13",18.59
"2012-02-14",19.35
"2012-02-15",19.72
"2012-02-16",20.26
"2012-02-17",19.72
"2012-02-22",19.84
"2012-02-23",19.66
"2012-02-24",19.37
"2012-02-27",19.13
"2012-02-28",19.53
"2012-02-29",19.59
"2012-03-01",19.88
"2012-03-02",20.26
"2012-03-05",20.3
"2012-03-06",19.94
"2012-03-07",20.22
"2012-03-08",20.28
"2012-03-09",20.35
"2012-03-12",20.44
"2012-03-13",20.98
"2012-03-14",20.54
"2012-03-15",20.26
"2012-03-16",20.46
"2012-03-19",20.36
"2012-03-20",20.3
"2012-03-21",19.94
"2012-03-22",19.3
"2012-03-23",19.15
"2012-03-26",19.63
"2012-03-27",19.57
"2012-03-28",19.29
"2012-03-29",18.88
"2012-03-30",18.59
"2012-04-02",18.52
"2012-04-03",18.42
"2012-04-04",17.34
"2012-04-05",17.29
"2012-04-09",17.25
"2012-04-10",17.36
"2012-04-11",17.62
"2012-04-12",18.04
"2012-04-13",17.55
"2012-04-16",17.13
"2012-04-17",16.75
"2012-04-18",17.02
"2012-04-19",17.07
"2012-04-20",17.26
"2012-04-23",17.03
"2012-04-24",16.91
"2012-04-25",16.5
"2012-04-26",16.66
"2012-04-27",16.86
"2012-04-30",16.89
"2012-05-02",16.43
"2012-05-03",16.19
"2012-05-04",16.23
"2012-05-07",16.38
"2012-05-08",16.42
"2012-05-09",16.01
"2012-05-10",16
"2012-05-11",16
"2012-05-14",15.31
"2012-05-15",14.75
"2012-05-16",14.66
"2012-05-17",13.94
"2012-05-18",14.48
"2012-05-21",15.36
"2012-05-22",15.38
"2012-05-23",14.74
"2012-05-24",14.82
"2012-05-25",14.95
"2012-05-28",14.81
"2012-05-29",14.62
"2012-05-30",14.31
"2012-05-31",14.37
"2012-06-01",14.34
"2012-06-04",13.85
"2012-06-05",13.51
"2012-06-06",13.8
"2012-06-08",13.81
"2012-06-11",13.94
"2012-06-12",13.94
"2012-06-13",13.9
"2012-06-14",13.65
"2012-06-15",13.79
"2012-06-18",14.33
"2012-06-19",14.92
"2012-06-20",14.86
"2012-06-21",14.72
"2012-06-22",14.5
"2012-06-25",13.93
"2012-06-26",13.6
"2012-06-27",13.71
"2012-06-28",13.68
"2012-06-29",14.24
"2012-07-02",14.33
"2012-07-03",14.55
"2012-07-04",14.55
"2012-07-05",14.51
"2012-07-06",14.18
"2012-07-10",13.77
"2012-07-11",13.54
"2012-07-12",13.58
"2012-07-13",13.71
"2012-07-16",13.38
"2012-07-17",13.27
"2012-07-18",14.2
"2012-07-19",14.51
"2012-07-20",14.53
"2012-07-23",14.26
"2012-07-24",14.37
"2012-07-25",14.04
"2012-07-26",15.02
"2012-07-27",15.77
"2012-07-30",16.04
"2012-07-31",15.9
"2012-08-01",16.19
"2012-08-02",16.11
"2012-08-03",16.86
"2012-08-06",17.38
"2012-08-07",17.18
"2012-08-08",17.42
"2012-08-09",17.06
"2012-08-10",17.63
"2012-08-13",17.09
"2012-08-14",16.39
"2012-08-15",16.88
"2012-08-16",17.18
"2012-08-17",17.22
"2012-08-20",17.04
"2012-08-21",16.99
"2012-08-22",17.2
"2012-08-23",16.95
"2012-08-24",16.88
"2012-08-27",17.26
"2012-08-28",17.64
"2012-08-29",17.35
"2012-08-30",17.15
"2012-08-31",17
"2012-09-03",17.23
"2012-09-04",17.15
"2012-09-05",17.75
"2012-09-06",18.2
"2012-09-10",18.38
"2012-09-11",18.52
"2012-09-12",18.93
"2012-09-13",19.32
"2012-09-14",19.66
"2012-09-17",19.54
"2012-09-18",19.24
"2012-09-19",19.62
"2012-09-20",19.81
"2012-09-21",19.67
"2012-09-24",19.6
"2012-09-25",18.99
"2012-09-26",19.11
"2012-09-27",19.14
"2012-09-28",18.4
"2012-10-01",18.55
"2012-10-02",18.62
"2012-10-03",18.42
"2012-10-04",18.19
"2012-10-05",17.43
"2012-10-08",16.91
"2012-10-09",16.89
"2012-10-10",16.65
"2012-10-11",17.14
"2012-10-15",17.14
"2012-10-16",16.91
"2012-10-17",17.09
"2012-10-18",16.99
"2012-10-19",16.84
"2012-10-22",16.84
"2012-10-23",16.32
"2012-10-24",16.16
"2012-10-25",16.47
"2012-10-26",16.16
"2012-10-29",16.24
"2012-10-30",16.25
"2012-10-31",16.08
"2012-11-01",17.13
"2012-11-05",16.65
"2012-11-06",17.06
"2012-11-07",16.65
"2012-11-08",15.91
"2012-11-09",15.54
"2012-11-12",15.41
"2012-11-13",15.72
"2012-11-14",15.7
"2012-11-16",15.59
"2012-11-19",15.62
"2012-11-21",15.66
"2012-11-22",15.59
"2012-11-23",16.03
"2012-11-26",16.32
"2012-11-27",16.33
"2012-11-28",16.33
"2012-11-29",16.62
"2012-11-30",16.34
"2012-12-03",16.45
"2012-12-04",16.44
"2012-12-05",16.74
"2012-12-06",16.67
"2012-12-07",17.03
"2012-12-10",17.15
"2012-12-11",17.15
"2012-12-12",17.3
"2012-12-13",17.05
"2012-12-14",16.91
"2012-12-17",16.83
"2012-12-18",17.36
"2012-12-19",18.28
"2012-12-20",18.89
"2012-12-21",19.04
"2012-12-26",18.89
"2012-12-27",18.93
"2012-12-28",19.34
"2013-01-02",19.49
"2013-01-03",19.88
"2013-01-04",19.64
"2013-01-07",19.76
"2013-01-08",19.98
"2013-01-09",20.17
"2013-01-10",19.87
"2013-01-11",19.63
"2013-01-14",20.35
"2013-01-15",20.17
"2013-01-16",20.29
"2013-01-17",20.26
"2013-01-18",19.8
"2013-01-21",19.59
"2013-01-22",19.37
"2013-01-23",19.27
"2013-01-24",19.19
"2013-01-28",18.67
"2013-01-29",18.9
"2013-01-30",18.74
"2013-01-31",18.44
"2013-02-01",18.36
"2013-02-04",18.02
"2013-02-05",18.18
"2013-02-06",18.08
"2013-02-07",17.87
"2013-02-08",18
"2013-02-13",18.03
"2013-02-14",17.98
"2013-02-15",18.44
"2013-02-18",18.19
"2013-02-19",18.53
"2013-02-20",18.36
"2013-02-21",19.11
"2013-02-22",19.43
"2013-02-25",19.2
"2013-02-26",19.18
"2013-02-27",19.76
"2013-02-28",19.9
"2013-03-01",20.26
"2013-03-04",20.24
"2013-03-05",20.14
"2013-03-06",20.35
"2013-03-07",20.44
"2013-03-08",20.81
"2013-03-11",20.74
"2013-03-12",20.5
"2013-03-13",20.29
"2013-03-14",20.37
"2013-03-15",20.32
"2013-03-18",20.04
"2013-03-19",20.33
"2013-03-20",20.68
"2013-03-21",20.66
"2013-03-22",20.51
"2013-03-25",20.38
"2013-03-26",20.55
"2013-03-27",20.74
"2013-03-28",21.16
"2013-04-01",21.3
"2013-04-02",21.32
"2013-04-03",20.86
"2013-04-04",20.38
"2013-04-05",20.49
"2013-04-08",20.83
"2013-04-09",21.27
"2013-04-10",21.73
"2013-04-11",21.83
"2013-04-12",21.86
"2013-04-15",21.47
"2013-04-16",21.7
"2013-04-17",21.28
"2013-04-18",20.69
"2013-04-19",20.51
"2013-04-22",20.48
"2013-04-23",20.65
"2013-04-24",20.2
"2013-04-25",19.85
"2013-04-26",19.42
"2013-04-29",19.25
"2013-04-30",19.37
"2013-05-02",19.24
"2013-05-03",19.11
"2013-05-06",18.79
"2013-05-07",19.59
"2013-05-08",19.63
"2013-05-09",19.49
"2013-05-10",19.6
"2013-05-13",19.37
"2013-05-14",19.48
"2013-05-15",19.03
"2013-05-16",19.41
"2013-05-17",19.98
"2013-05-20",20.49
"2013-05-21",20.32
"2013-05-22",20.65
"2013-05-23",20.62
"2013-05-24",20.65
"2013-05-27",20.75
"2013-05-28",20.73
"2013-05-29",20.02
"2013-05-31",19.66
"2013-06-03",19.76
"2013-06-04",19.38
"2013-06-05",18.92
"2013-06-06",18.85
"2013-06-07",18.34
"2013-06-10",18.53
"2013-06-11",18.07
"2013-06-12",17.5
"2013-06-13",17.87
"2013-06-14",17.96
"2013-06-17",18.01
"2013-06-18",17.71
"2013-06-19",17.15
"2013-06-20",16.57
"2013-06-21",16.55
"2013-06-24",16.51
"2013-06-25",16.65
"2013-06-26",16.69
"2013-06-27",16.86
"2013-06-28",17.34
"2013-07-01",17.36
"2013-07-02",16.38
"2013-07-03",15.91
"2013-07-04",16.15
"2013-07-05",16.02
"2013-07-08",15.99
"2013-07-10",16.09
"2013-07-11",16.57
"2013-07-12",16.45
"2013-07-15",16.92
"2013-07-16",17.4
"2013-07-17",17.55
"2013-07-18",17.7
"2013-07-19",17.47
"2013-07-22",17.83
"2013-07-23",18.05
"2013-07-24",17.91
"2013-07-25",17.7
"2013-07-26",17.62
"2013-07-29",17.78
"2013-07-30",17.98
"2013-07-31",17.76
"2013-08-01",18.14
"2013-08-02",17.87
"2013-08-05",17.4
"2013-08-06",16.78
"2013-08-07",16.71
"2013-08-08",17.32
"2013-08-09",17.71
"2013-08-12",17.98
"2013-08-13",18.29
"2013-08-14",18.39
"2013-08-15",18.18
"2013-08-16",18.14
"2013-08-19",17.65
"2013-08-20",17.47
"2013-08-21",17.22
"2013-08-22",17.81
"2013-08-23",18.05
"2013-08-26",17.69
"2013-08-27",17.69
"2013-08-28",17.93
"2013-08-29",18.33
"2013-08-30",18.66
"2013-09-02",18.87
"2013-09-03",18.69
"2013-09-04",18.83
"2013-09-05",19.12
"2013-09-06",19.27
"2013-09-09",19.67
"2013-09-10",20
"2013-09-11",19.89
"2013-09-12",19.55
"2013-09-13",19.73
"2013-09-16",19.85
"2013-09-17",20.17
"2013-09-18",20.84
"2013-09-19",21.05
"2013-09-20",20.97
"2013-09-23",21.57
"2013-09-24",21.33
"2013-09-25",21.17
"2013-09-26",21.13
"2013-09-27",21.73
"2013-09-30",21.25
"2013-10-01",21.45
"2013-10-02",21.49
"2013-10-03",21.5
"2013-10-04",21.56
"2013-10-07",21.64
"2013-10-08",21.4
"2013-10-09",21.77
"2013-10-10",22.03
"2013-10-11",21.94
"2013-10-14",22.25
"2013-10-15",22.24
"2013-10-16",22.73
"2013-10-17",22.84
"2013-10-18",23.31
"2013-10-21",23.1
"2013-10-22",23.14
"2013-10-23",23.02
"2013-10-24",23.3
"2013-10-25",23.57
"2013-10-28",23.48
"2013-10-29",23.56
"2013-10-30",24.06
"2013-10-31",24.46
"2013-11-01",24.42
"2013-11-04",24.57
"2013-11-05",24.22
"2013-11-06",23.62
"2013-11-07",23.51
"2013-11-08",22.89
"2013-11-11",23.09
"2013-11-12",21.87
"2013-11-13",21.73
"2013-11-14",22.1
"2013-11-18",22.21
"2013-11-19",21.46
"2013-11-21",21.02
"2013-11-22",20.32
"2013-11-25",19.79
"2013-11-26",20.41
"2013-11-27",20.94
"2013-11-28",21
"2013-11-29",21.21
"2013-12-02",20.54
"2013-12-03",20.11
"2013-12-04",19.71
"2013-12-05",20.45
"2013-12-06",20.47
"2013-12-09",20.58
"2013-12-10",20.28
"2013-12-11",19.73
"2013-12-12",19.89
"2013-12-13",20.14
"2013-12-16",20.08
"2013-12-17",20.1
"2013-12-18",20.21
"2013-12-19",20.38
"2013-12-20",20.46
"2013-12-23",20.48
"2013-12-26",20.42
"2013-12-27",20.28
